{"cameraMode":{"drawMode":0,"name":"Shaded","section":"Shading Mode"},"sceneLighting":true,"audioPlay":false,"sceneViewState":{"showFog":true,"showMaterialUpdate":false,"showSkybox":true,"showFlares":true,"showImageEffects":true,"showParticleSystems":true},"in2DMode":false,"pivot":{"x":7.354973793029785,"y":13.28770637512207,"z":8.486709594726563},"rotation":{"x":0.12880262732505799,"y":-0.26606687903404238,"z":0.03589227423071861,"w":0.9546534419059753},"size":10.640795707702637,"orthographic":true}