{"cameraMode":{"drawMode":0,"name":"Shaded","section":"Shading Mode"},"sceneLighting":false,"audioPlay":false,"sceneViewState":{"showFog":true,"showMaterialUpdate":false,"showSkybox":false,"showFlares":true,"showImageEffects":true,"showParticleSystems":true},"in2DMode":false,"pivot":{"x":0.0,"y":2.1000001430511476,"z":2.123415470123291e-7},"rotation":{"x":-0.1586179882287979,"y":-0.011244657449424267,"z":0.0018053109524771572,"w":-0.9872810244560242},"size":4.069705009460449,"orthographic":true}