{"cameraMode":{"drawMode":0,"name":"Shaded","section":"Shading Mode"},"sceneLighting":true,"audioPlay":false,"sceneViewState":{"showFog":true,"showMaterialUpdate":false,"showSkybox":true,"showFlares":true,"showImageEffects":true,"showParticleSystems":true},"in2DMode":false,"pivot":{"x":366.2249755859375,"y":135.29998779296876,"z":0.0},"rotation":{"x":-0.022719578817486764,"y":0.08388514816761017,"z":0.0018950168741866947,"w":0.9962368607521057},"size":400.8025817871094,"orthographic":true}