{"cameraMode":{"drawMode":0,"name":"Shaded","section":"Shading Mode"},"sceneLighting":false,"audioPlay":false,"sceneViewState":{"showFog":true,"showMaterialUpdate":false,"showSkybox":false,"showFlares":true,"showImageEffects":true,"showParticleSystems":true},"in2DMode":false,"pivot":{"x":-267.0,"y":0.6000000238418579,"z":-0.11314958333969116},"rotation":{"x":0.2429969757795334,"y":0.55880206823349,"z":-0.17562758922576905,"w":0.7732237577438355},"size":0.8660256862640381,"orthographic":true}