{"cameraMode":{"drawMode":0,"name":"Shaded","section":"Shading Mode"},"sceneLighting":false,"audioPlay":false,"sceneViewState":{"showFog":true,"showMaterialUpdate":false,"showSkybox":false,"showFlares":true,"showImageEffects":true,"showParticleSystems":true},"in2DMode":false,"pivot":{"x":-14.174854278564454,"y":4.748205184936523,"z":123.56802368164063},"rotation":{"x":0.21178005635738374,"y":0.46081921458244326,"z":-0.11424199491739273,"w":0.8542685508728027},"size":20.532299041748048,"orthographic":true}