{"cameraMode":{"drawMode":0,"name":"Shaded","section":"Shading Mode"},"sceneLighting":true,"audioPlay":false,"sceneViewState":{"showFog":true,"showMaterialUpdate":false,"showSkybox":true,"showFlares":true,"showImageEffects":true,"showParticleSystems":true},"in2DMode":false,"pivot":{"x":456.97705078125,"y":258.54315185546877,"z":-11.953887939453125},"rotation":{"x":-0.022719578817486764,"y":0.08388514816761017,"z":0.0018950168741866947,"w":0.9962368607521057},"size":294.5948791503906,"orthographic":true}