{"cameraMode":{"drawMode":0,"name":"Shaded","section":"Shading Mode"},"sceneLighting":false,"audioPlay":false,"sceneViewState":{"showFog":true,"showMaterialUpdate":false,"showSkybox":false,"showFlares":true,"showImageEffects":true,"showParticleSystems":true},"in2DMode":false,"pivot":{"x":0.0,"y":1.2173445224761963,"z":4.500000476837158},"rotation":{"x":0.14080293476581574,"y":0.019597453996539117,"z":-0.0027877935208380224,"w":0.9898408055305481},"size":6.608428955078125,"orthographic":true}