{"cameraMode":{"drawMode":0,"name":"Shaded","section":"Shading Mode"},"sceneLighting":true,"audioPlay":false,"sceneViewState":{"showFog":true,"showMaterialUpdate":false,"showSkybox":true,"showFlares":true,"showImageEffects":true,"showParticleSystems":true},"in2DMode":false,"pivot":{"x":-267.32000732421877,"y":0.8700000047683716,"z":-15.300000190734864},"rotation":{"x":0.2429969757795334,"y":0.55880206823349,"z":-0.17562758922576905,"w":0.7732237577438355},"size":1.105667233467102,"orthographic":true}