{"cameraMode":{"drawMode":0,"name":"Shaded","section":"Shading Mode"},"sceneLighting":true,"audioPlay":false,"sceneViewState":{"showFog":true,"showMaterialUpdate":false,"showSkybox":true,"showFlares":true,"showImageEffects":true,"showParticleSystems":true},"in2DMode":false,"pivot":{"x":-234.4303436279297,"y":-2.1537458896636965,"z":38.18350601196289},"rotation":{"x":0.24763184785842896,"y":0.557738184928894,"z":-0.1789773404598236,"w":0.771751880645752},"size":193.79469299316407,"orthographic":true}