{"cameraMode":{"drawMode":0,"name":"Shaded","section":"Shading Mode"},"sceneLighting":true,"audioPlay":false,"sceneViewState":{"showFog":true,"showMaterialUpdate":false,"showSkybox":true,"showFlares":true,"showImageEffects":true,"showParticleSystems":true},"in2DMode":false,"pivot":{"x":0.06319427490234375,"y":12.630035400390625,"z":1.6180429458618165},"rotation":{"x":0.0057005081325769428,"y":0.0014967179158702493,"z":-0.00000902005467651179,"w":1.0000027418136597},"size":23.77387809753418,"orthographic":true}