{"cameraMode":{"drawMode":0,"name":"Shaded","section":"Shading Mode"},"sceneLighting":false,"audioPlay":false,"sceneViewState":{"showFog":true,"showMaterialUpdate":false,"showSkybox":false,"showFlares":true,"showImageEffects":true,"showParticleSystems":true},"in2DMode":false,"pivot":{"x":0.07700000703334809,"y":0.13003289699554444,"z":1.9580440521240235},"rotation":{"x":0.2429969757795334,"y":0.55880206823349,"z":-0.17562758922576905,"w":0.7732237577438355},"size":0.7507662177085877,"orthographic":true}