{"cameraMode":{"drawMode":0,"name":"Shaded","section":"Shading Mode"},"sceneLighting":false,"audioPlay":false,"sceneViewState":{"showFog":true,"showMaterialUpdate":false,"showSkybox":false,"showFlares":true,"showImageEffects":true,"showParticleSystems":true},"in2DMode":false,"pivot":{"x":0.06319442391395569,"y":0.13003292679786683,"z":1.8180441856384278},"rotation":{"x":-0.1586179882287979,"y":-0.011244657449424267,"z":0.0018053109524771572,"w":-0.9872810244560242},"size":0.3473111391067505,"orthographic":true}