{"cameraMode":{"drawMode":0,"name":"Shaded","section":"Shading Mode"},"sceneLighting":true,"audioPlay":false,"sceneViewState":{"showFog":true,"showMaterialUpdate":false,"showSkybox":false,"showFlares":true,"showImageEffects":true,"showParticleSystems":true},"in2DMode":false,"pivot":{"x":-6.410963535308838,"y":-12.196378707885743,"z":14.648421287536621},"rotation":{"x":0.3136073648929596,"y":-0.06630197912454605,"z":0.021956278011202813,"w":0.9469813704490662},"size":29.080949783325197,"orthographic":true}