{"cameraMode":{"drawMode":0,"name":"Shaded","section":"Shading Mode"},"sceneLighting":true,"audioPlay":false,"sceneViewState":{"showFog":true,"showMaterialUpdate":false,"showSkybox":true,"showFlares":true,"showImageEffects":true,"showParticleSystems":true},"in2DMode":false,"pivot":{"x":305.7249755859375,"y":115.92499542236328,"z":0.0},"rotation":{"x":0.0057005081325769428,"y":0.0014967179158702493,"z":-0.00000902005467651179,"w":1.0000027418136597},"size":305.5196838378906,"orthographic":true}