{"cameraMode":{"drawMode":0,"name":"Shaded","section":"Shading Mode"},"sceneLighting":true,"audioPlay":false,"sceneViewState":{"showFog":true,"showMaterialUpdate":false,"showSkybox":true,"showFlares":true,"showImageEffects":true,"showParticleSystems":true},"in2DMode":false,"pivot":{"x":39.86968231201172,"y":25.690826416015626,"z":77.18531799316406},"rotation":{"x":0.3905043303966522,"y":0.48904097080230715,"z":-0.2596554160118103,"w":0.7354828119277954},"size":112.59034729003906,"orthographic":true}