{"cameraMode":{"drawMode":0,"name":"Shaded","section":"Shading Mode"},"sceneLighting":false,"audioPlay":false,"sceneViewState":{"showFog":true,"showMaterialUpdate":false,"showSkybox":false,"showFlares":true,"showImageEffects":true,"showParticleSystems":true},"in2DMode":false,"pivot":{"x":4.401114463806152,"y":-37.00035858154297,"z":52.9921760559082},"rotation":{"x":-0.303891658782959,"y":-0.5005854964256287,"z":0.1932629644870758,"w":-0.7872462868690491},"size":24.34286880493164,"orthographic":true}