{"cameraMode":{"drawMode":0,"name":"Shaded","section":"Shading Mode"},"sceneLighting":false,"audioPlay":false,"sceneViewState":{"showFog":true,"showMaterialUpdate":false,"showSkybox":false,"showFlares":true,"showImageEffects":true,"showParticleSystems":true},"in2DMode":false,"pivot":{"x":-6.627626419067383,"y":0.9597022533416748,"z":19.373790740966798},"rotation":{"x":-0.13002866506576539,"y":0.5358706712722778,"z":-0.08395048975944519,"w":-0.8300021290779114},"size":12.738272666931153,"orthographic":true}