{"cameraMode":{"drawMode":0,"name":"Shaded","section":"Shading Mode"},"sceneLighting":false,"audioPlay":false,"sceneViewState":{"showFog":true,"showMaterialUpdate":false,"showSkybox":false,"showFlares":true,"showImageEffects":true,"showParticleSystems":true},"in2DMode":false,"pivot":{"x":0.06319443881511688,"y":0.13003289699554444,"z":1.6983593702316285},"rotation":{"x":-0.1586179882287979,"y":-0.011244657449424267,"z":0.0018053109524771572,"w":-0.9872810244560242},"size":0.43547654151916506,"orthographic":true}