{"cameraMode":{"drawMode":0,"name":"Shaded","section":"Shading Mode"},"sceneLighting":false,"audioPlay":false,"sceneViewState":{"showFog":true,"showMaterialUpdate":false,"showSkybox":false,"showFlares":true,"showImageEffects":true,"showParticleSystems":true},"in2DMode":false,"pivot":{"x":-267.32000732421877,"y":0.8700000047683716,"z":-15.300000190734864},"rotation":{"x":-0.1586179882287979,"y":-0.011244657449424267,"z":0.0018053109524771572,"w":-0.9872810244560242},"size":1.105667233467102,"orthographic":true}